{"_runtime":80,"train_loss":0.01612107560197738,"val_accuracy":0.9762,"test_loss":0.11991276563490391,"val_loss":0.11954260074234917,"_step":20,"test_acc":0.9762,"classification_report":"              precision    recall  f1-score   support\n\n           0      0.976     0.990     0.983       980\n           1      0.988     0.996     0.992      1135\n           2      0.978     0.961     0.970      1032\n           3      0.970     0.981     0.975      1010\n           4      0.985     0.974     0.979       982\n           5      0.974     0.975     0.975       892\n           6      0.976     0.980     0.978       958\n           7      0.978     0.966     0.972      1028\n           8      0.974     0.967     0.971       974\n           9      0.962     0.970     0.966      1009\n\n    accuracy                          0.976     10000\n   macro avg      0.976     0.976     0.976     10000\nweighted avg      0.976     0.976     0.976     10000\n","train_accuracy":0.9952,"_wandb":{"runtime":80},"_timestamp":1.7633827725456638e+09}