{"test_loss":0.11100927217921662,"test_acc":0.9783,"train_loss":0.013672539836777882,"val_loss":0.10355168283581734,"_runtime":80,"_timestamp":1.7629479255716603e+09,"_step":21,"train_accuracy":0.9949818181818182,"val_accuracy":0.9818,"_wandb":{"runtime":80},"classification_report":"              precision    recall  f1-score   support\n\n           0      0.985     0.984     0.984       980\n           1      0.990     0.992     0.991      1135\n           2      0.975     0.981     0.978      1032\n           3      0.981     0.975     0.978      1010\n           4      0.982     0.970     0.976       982\n           5      0.986     0.959     0.972       892\n           6      0.974     0.983     0.979       958\n           7      0.973     0.983     0.978      1028\n           8      0.977     0.970     0.974       974\n           9      0.959     0.981     0.970      1009\n\n    accuracy                          0.978     10000\n   macro avg      0.978     0.978     0.978     10000\nweighted avg      0.978     0.978     0.978     10000\n"}