{"test_acc":0.978,"grad_first_layer":0.11126881092786789,"train_loss":0.01292825550823049,"classification_report":"              precision    recall  f1-score   support\n\n           0      0.982     0.992     0.987       980\n           1      0.986     0.994     0.990      1135\n           2      0.975     0.976     0.975      1032\n           3      0.971     0.978     0.974      1010\n           4      0.972     0.979     0.975       982\n           5      0.990     0.964     0.977       892\n           6      0.980     0.989     0.984       958\n           7      0.990     0.958     0.974      1028\n           8      0.965     0.982     0.973       974\n           9      0.971     0.967     0.969      1009\n\n    accuracy                          0.978     10000\n   macro avg      0.978     0.978     0.978     10000\nweighted avg      0.978     0.978     0.978     10000\n","val_loss":0.07891227772291749,"_step":10,"_runtime":42,"val_accuracy":0.978,"test_loss":0.07996223592154711,"_wandb":{"runtime":42},"grad_norm_mean":0.024896336253732443,"train_accuracy":0.9964363636363637,"grad_norm_max":0.11126881092786789,"_timestamp":1.7633844283859637e+09,"grad_norm_min":0.0018173735588788986}