{"_timestamp":1.763383744312272e+09,"grad_norm_mean":0.003012880220921943,"test_loss":0.08111614668082512,"test_acc":0.9815,"_step":20,"val_loss":0.08562536454722285,"grad_norm_min":0.00013421244511846453,"_wandb":{"runtime":86},"_runtime":86,"train_accuracy":1,"grad_norm_max":0.012114278972148895,"classification_report":"              precision    recall  f1-score   support\n\n           0      0.987     0.992     0.989       980\n           1      0.992     0.995     0.993      1135\n           2      0.982     0.982     0.982      1032\n           3      0.983     0.978     0.981      1010\n           4      0.979     0.980     0.979       982\n           5      0.980     0.978     0.979       892\n           6      0.986     0.980     0.983       958\n           7      0.974     0.982     0.978      1028\n           8      0.976     0.976     0.976       974\n           9      0.975     0.971     0.973      1009\n\n    accuracy                          0.982     10000\n   macro avg      0.981     0.981     0.981     10000\nweighted avg      0.982     0.982     0.981     10000\n","train_loss":0.0004930860445496034,"val_accuracy":0.9802}