{"accuracy/val":0.9758,"test_acc":0.9745,"_wandb":{"runtime":88},"_runtime":88,"loss/train":0.012267743220281872,"test_loss":0.12275211489746289,"classification_report":"              precision    recall  f1-score   support\n\n           0      0.977     0.990     0.983       980\n           1      0.980     0.995     0.987      1135\n           2      0.986     0.959     0.972      1032\n           3      0.975     0.967     0.971      1010\n           4      0.953     0.985     0.968       982\n           5      0.979     0.971     0.975       892\n           6      0.985     0.970     0.977       958\n           7      0.966     0.977     0.971      1028\n           8      0.965     0.976     0.970       974\n           9      0.981     0.953     0.967      1009\n\n    accuracy                          0.975     10000\n   macro avg      0.975     0.974     0.974     10000\nweighted avg      0.975     0.975     0.974     10000\n","accuracy/train":0.995890909090909,"_timestamp":1.7629471595279844e+09,"_step":21,"loss/val":0.1326799066561507}