{"grad_norm_max":0.16196997463703156,"train_accuracy":0.9849272727272728,"val_accuracy":0.9726,"_runtime":44,"_wandb":{"runtime":44},"train_loss":0.051172242165153675,"test_acc":0.9699,"_timestamp":1.7633843837377295e+09,"val_loss":0.09720025181770325,"grad_norm_min":0.002701925579458475,"test_loss":0.11464666030742228,"grad_first_layer":0.16196997463703156,"_step":10,"grad_norm_mean":0.03032732809272905,"classification_report":"              precision    recall  f1-score   support\n\n           0      0.987     0.978     0.982       980\n           1      0.988     0.993     0.990      1135\n           2      0.974     0.970     0.972      1032\n           3      0.935     0.970     0.952      1010\n           4      0.982     0.973     0.977       982\n           5      0.963     0.959     0.961       892\n           6      0.974     0.977     0.976       958\n           7      0.975     0.974     0.974      1028\n           8      0.968     0.931     0.949       974\n           9      0.954     0.970     0.962      1009\n\n    accuracy                          0.970     10000\n   macro avg      0.970     0.969     0.970     10000\nweighted avg      0.970     0.970     0.970     10000\n"}