{"_step":21,"classification_report":"              precision    recall  f1-score   support\n\n           0      0.980     0.992     0.986       980\n           1      0.990     0.985     0.988      1135\n           2      0.980     0.973     0.977      1032\n           3      0.964     0.977     0.971      1010\n           4      0.985     0.978     0.981       982\n           5      0.962     0.982     0.972       892\n           6      0.977     0.984     0.981       958\n           7      0.982     0.965     0.974      1028\n           8      0.954     0.970     0.962       974\n           9      0.980     0.950     0.965      1009\n\n    accuracy                          0.976     10000\n   macro avg      0.975     0.976     0.975     10000\nweighted avg      0.976     0.976     0.976     10000\n","train_loss":0.009143183335120028,"train_acc":0.9966727272727273,"_timestamp":1.7629462181407096e+09,"test_loss":0.1223893396816653,"val_acc":0.9772,"test_acc":0.9756,"_wandb":{"runtime":130},"_runtime":130,"val_loss":0.11821035420214758}