{"_step":19,"train_loss":0.00894293946431611,"val_loss":0.11868357979411667,"train_accuracy":0.9974363636363637,"_runtime":78.634737271,"_wandb":{"runtime":78},"val_accuracy":0.9748,"_timestamp":1.7633818640359726e+09}