{"_step":10,"grad_first_layer":0.7183759808540344,"_timestamp":1.76338429153194e+09,"classification_report":"              precision    recall  f1-score   support\n\n           0      0.985     0.985     0.985       980\n           1      0.993     0.989     0.991      1135\n           2      0.987     0.948     0.967      1032\n           3      0.948     0.983     0.965      1010\n           4      0.967     0.975     0.971       982\n           5      0.957     0.972     0.964       892\n           6      0.977     0.959     0.968       958\n           7      0.954     0.983     0.968      1028\n           8      0.974     0.950     0.962       974\n           9      0.967     0.962     0.965      1009\n\n    accuracy                          0.971     10000\n   macro avg      0.971     0.971     0.970     10000\nweighted avg      0.971     0.971     0.971     10000\n","_wandb":{"runtime":44},"grad_norm_mean":0.19322683429345489,"_runtime":44,"test_acc":0.9708,"grad_norm_min":0.014273460023105145,"train_loss":0.041851014639030806,"train_accuracy":0.986890909090909,"val_accuracy":0.9732,"grad_norm_max":0.7183759808540344,"val_loss":0.09204099350869656,"test_loss":0.09802636570185423}