{"_wandb":{"runtime":80},"val_loss":0.11187865478396415,"_runtime":80,"train_accuracy":0.9963818181818181,"train_loss":0.011964467860961503,"classification_report":"              precision    recall  f1-score   support\n\n           0      0.975     0.981     0.978       980\n           1      0.982     0.996     0.989      1135\n           2      0.978     0.973     0.975      1032\n           3      0.987     0.961     0.974      1010\n           4      0.988     0.969     0.978       982\n           5      0.969     0.961     0.965       892\n           6      0.968     0.982     0.975       958\n           7      0.966     0.970     0.968      1028\n           8      0.972     0.972     0.972       974\n           9      0.949     0.964     0.957      1009\n\n    accuracy                          0.973     10000\n   macro avg      0.973     0.973     0.973     10000\nweighted avg      0.973     0.973     0.973     10000\n","val_accuracy":0.9754,"_timestamp":1.7633826042655046e+09,"test_loss":0.11943377625716821,"_step":20,"test_acc":0.9734}