{"train_loss":0.0020353983814743433,"val_loss":0.08945743394494057,"_wandb":{"runtime":79},"_runtime":79.294356395,"train_accuracy":0.9998363636363636,"val_accuracy":0.9792,"_timestamp":1.763381783313956e+09,"_step":19}