{"_runtime":83,"_timestamp":1.7633826900219278e+09,"_wandb":{"runtime":83},"val_accuracy":0.9806,"test_loss":0.07937040775736531,"classification_report":"              precision    recall  f1-score   support\n\n           0      0.980     0.991     0.985       980\n           1      0.991     0.993     0.992      1135\n           2      0.983     0.975     0.979      1032\n           3      0.977     0.979     0.978      1010\n           4      0.977     0.981     0.979       982\n           5      0.988     0.974     0.981       892\n           6      0.984     0.982     0.983       958\n           7      0.979     0.975     0.977      1028\n           8      0.976     0.982     0.979       974\n           9      0.974     0.977     0.976      1009\n\n    accuracy                          0.981     10000\n   macro avg      0.981     0.981     0.981     10000\nweighted avg      0.981     0.981     0.981     10000\n","test_acc":0.981,"_step":20,"train_loss":0.0018183669452640143,"train_accuracy":0.9999090909090909,"val_loss":0.08377562427967787}