{"_runtime":43,"_wandb":{"runtime":43},"classification_report":"              precision    recall  f1-score   support\n\n           0      0.973     0.991     0.982       980\n           1      0.991     0.992     0.992      1135\n           2      0.984     0.972     0.978      1032\n           3      0.956     0.986     0.971      1010\n           4      0.980     0.982     0.981       982\n           5      0.986     0.962     0.974       892\n           6      0.983     0.971     0.977       958\n           7      0.976     0.968     0.972      1028\n           8      0.980     0.973     0.977       974\n           9      0.967     0.976     0.971      1009\n\n    accuracy                          0.978     10000\n   macro avg      0.978     0.977     0.977     10000\nweighted avg      0.978     0.978     0.978     10000\n","_timestamp":1.7633843373006442e+09,"grad_norm_mean":0.10496437332282464,"train_loss":0.02425055303194306,"grad_norm_max":0.37218645215034485,"grad_first_layer":0.37218645215034485,"test_loss":0.07749350658359472,"val_accuracy":0.9748,"grad_norm_min":0.008055680431425571,"_step":10,"train_accuracy":0.9928181818181818,"test_acc":0.9776,"val_loss":0.0856337143689394}