{"grad_norm_min":0.010703319683670998,"grad_norm_max":1.8747409582138062,"train_loss":0.005556072869431227,"train_accuracy":0.9984181818181819,"_timestamp":1.763383656366938e+09,"test_acc":0.9758,"val_loss":0.11184126750528812,"grad_norm_mean":0.30971565742843915,"_wandb":{"runtime":87},"val_accuracy":0.9784,"test_loss":0.12793546387256938,"classification_report":"              precision    recall  f1-score   support\n\n           0      0.985     0.986     0.985       980\n           1      0.990     0.991     0.991      1135\n           2      0.983     0.978     0.981      1032\n           3      0.974     0.977     0.976      1010\n           4      0.967     0.968     0.968       982\n           5      0.967     0.976     0.972       892\n           6      0.980     0.969     0.974       958\n           7      0.973     0.982     0.977      1028\n           8      0.983     0.957     0.970       974\n           9      0.953     0.971     0.962      1009\n\n    accuracy                          0.976     10000\n   macro avg      0.976     0.976     0.976     10000\nweighted avg      0.976     0.976     0.976     10000\n","_runtime":87,"_step":20}