{"classification_report":"              precision    recall  f1-score   support\n\n           0      0.984     0.988     0.986       980\n           1      0.989     0.994     0.992      1135\n           2      0.962     0.988     0.975      1032\n           3      0.967     0.983     0.975      1010\n           4      0.970     0.986     0.978       982\n           5      0.978     0.964     0.971       892\n           6      0.980     0.974     0.977       958\n           7      0.982     0.975     0.979      1028\n           8      0.985     0.959     0.972       974\n           9      0.982     0.965     0.974      1009\n\n    accuracy                          0.978     10000\n   macro avg      0.978     0.978     0.978     10000\nweighted avg      0.978     0.978     0.978     10000\n","train_loss":0.009025686998453668,"_step":21,"train_accuracy":0.9967818181818182,"_runtime":195,"val_loss":0.15369223039150223,"_wandb":{"runtime":195},"test_loss":0.11479565405371832,"val_accuracy":0.9734,"test_acc":0.978,"_timestamp":1.7633736739860313e+09}