{"test_loss":0.07532620593118482,"val_loss":0.0805402295783162,"val_accuracy":0.9784,"train_accuracy":0.9964545454545455,"_wandb":{"runtime":56},"classification_report":"              precision    recall  f1-score   support\n\n           0      0.986     0.990     0.988       980\n           1      0.996     0.990     0.993      1135\n           2      0.986     0.969     0.978      1032\n           3      0.964     0.983     0.974      1010\n           4      0.976     0.978     0.977       982\n           5      0.980     0.975     0.978       892\n           6      0.976     0.983     0.980       958\n           7      0.977     0.983     0.980      1028\n           8      0.990     0.973     0.981       974\n           9      0.971     0.975     0.973      1009\n\n    accuracy                          0.980     10000\n   macro avg      0.980     0.980     0.980     10000\nweighted avg      0.980     0.980     0.980     10000\n","train_loss":0.011560518363118171,"_step":10,"grad_norm_min":0.0015642935177311301,"_timestamp":1.763384540009627e+09,"grad_norm_mean":0.023577166168252006,"grad_first_layer":0.14581476151943207,"grad_norm_max":0.14581476151943207,"test_acc":0.9802,"_runtime":56}