{"_runtime":86,"classification_report":"              precision    recall  f1-score   support\n\n           0      0.990     0.987     0.988       980\n           1      0.994     0.988     0.991      1135\n           2      0.961     0.983     0.972      1032\n           3      0.943     0.984     0.963      1010\n           4      0.989     0.966     0.977       982\n           5      0.984     0.960     0.972       892\n           6      0.967     0.990     0.978       958\n           7      0.967     0.982     0.974      1028\n           8      0.982     0.950     0.966       974\n           9      0.980     0.962     0.971      1009\n\n    accuracy                          0.975     10000\n   macro avg      0.976     0.975     0.975     10000\nweighted avg      0.976     0.975     0.975     10000\n","test_loss":0.1186565640601255,"val_accuracy":0.9784,"test_acc":0.9754,"_wandb":{"runtime":86},"_step":21,"val_loss":0.13255514531377702,"_timestamp":1.7630411886325035e+09,"train_loss":0.008856478886560283,"train_accuracy":0.9966727272727273}