{"classification_report":"              precision    recall  f1-score   support\n\n           0      0.986     0.993     0.989       980\n           1      0.989     0.995     0.992      1135\n           2      0.979     0.982     0.980      1032\n           3      0.976     0.975     0.976      1010\n           4      0.974     0.983     0.978       982\n           5      0.981     0.976     0.979       892\n           6      0.983     0.980     0.982       958\n           7      0.987     0.970     0.978      1028\n           8      0.978     0.977     0.978       974\n           9      0.973     0.974     0.974      1009\n\n    accuracy                          0.981     10000\n   macro avg      0.981     0.981     0.981     10000\nweighted avg      0.981     0.981     0.981     10000\n","_step":20,"_wandb":{"runtime":98},"_timestamp":1.7633835669327533e+09,"train_accuracy":0.9998,"test_loss":0.08119523393708154,"grad_norm_min":0.0007265860913321376,"train_loss":0.0020936276601733303,"val_accuracy":0.9778,"grad_norm_max":0.08250104635953903,"test_acc":0.9807,"_runtime":98,"val_loss":0.09217836151719093,"grad_norm_mean":0.022306805292222027}