{"_runtime":270,"accuracy/val":0.9806,"classification_report":"              precision    recall  f1-score   support\n\n           0      0.972     0.994     0.983       980\n           1      0.991     0.994     0.993      1135\n           2      0.964     0.983     0.973      1032\n           3      0.957     0.983     0.970      1010\n           4      0.977     0.966     0.972       982\n           5      0.982     0.973     0.977       892\n           6      0.986     0.976     0.981       958\n           7      0.983     0.962     0.972      1028\n           8      0.986     0.954     0.970       974\n           9      0.966     0.975     0.970      1009\n\n    accuracy                          0.976     10000\n   macro avg      0.976     0.976     0.976     10000\nweighted avg      0.976     0.976     0.976     10000\n","_step":100,"loss/train":0.01026608769913966,"test_acc":0.9763,"accuracy/train":0.9964363636363637,"test_loss":0.11338201071195071,"_timestamp":1.762946967879425e+09,"_wandb":{"runtime":270},"loss/val":0.09832682969214075}