{"val_accuracy":0.9776,"train_loss":0.011689407674697313,"grad_norm_mean":0.16139791198074818,"grad_norm_min":0.01199116837233305,"_timestamp":1.7633834665017154e+09,"grad_norm_max":0.6363124847412109,"test_acc":0.9745,"_runtime":84,"_step":20,"classification_report":"              precision    recall  f1-score   support\n\n           0      0.982     0.988     0.985       980\n           1      0.982     0.996     0.989      1135\n           2      0.989     0.944     0.966      1032\n           3      0.968     0.975     0.971      1010\n           4      0.975     0.978     0.976       982\n           5      0.971     0.976     0.974       892\n           6      0.987     0.963     0.975       958\n           7      0.975     0.969     0.972      1028\n           8      0.958     0.978     0.968       974\n           9      0.960     0.976     0.968      1009\n\n    accuracy                          0.975     10000\n   macro avg      0.975     0.974     0.974     10000\nweighted avg      0.975     0.975     0.974     10000\n","_wandb":{"runtime":84},"val_loss":0.11067366908919066,"train_accuracy":0.9964,"test_loss":0.11822161862652283}