{"_timestamp":1.7630415997402883e+09,"_step":21,"train_accuracy":0.9955636363636363,"_runtime":88,"classification_report":"              precision    recall  f1-score   support\n\n           0      0.988     0.989     0.988       980\n           1      0.987     0.993     0.990      1135\n           2      0.955     0.983     0.968      1032\n           3      0.976     0.979     0.978      1010\n           4      0.964     0.981     0.972       982\n           5      0.982     0.982     0.982       892\n           6      0.993     0.979     0.986       958\n           7      0.992     0.949     0.970      1028\n           8      0.974     0.970     0.972       974\n           9      0.965     0.968     0.967      1009\n\n    accuracy                          0.977     10000\n   macro avg      0.978     0.977     0.977     10000\nweighted avg      0.978     0.977     0.977     10000\n","test_loss":0.12342556714661623,"test_acc":0.9774,"val_loss":0.14210549215401988,"val_accuracy":0.9746,"train_loss":0.012209061055528847,"_wandb":{"runtime":88}}