{"grad_first_layer":1.952051661646692e-06,"_wandb":{"runtime":55},"_step":10,"val_loss":2.302104811477661,"val_accuracy":0.112,"test_acc":0.1135,"grad_norm_mean":0.004274732400967618,"_runtime":55,"classification_report":"              precision    recall  f1-score   support\n\n           0      0.000     0.000     0.000       980\n           1      0.114     1.000     0.204      1135\n           2      0.000     0.000     0.000      1032\n           3      0.000     0.000     0.000      1010\n           4      0.000     0.000     0.000       982\n           5      0.000     0.000     0.000       892\n           6      0.000     0.000     0.000       958\n           7      0.000     0.000     0.000      1028\n           8      0.000     0.000     0.000       974\n           9      0.000     0.000     0.000      1009\n\n    accuracy                          0.114     10000\n   macro avg      0.011     0.100     0.020     10000\nweighted avg      0.013     0.114     0.023     10000\n","_timestamp":1.7633855307900102e+09,"grad_norm_min":5.9224824155990063e-08,"train_loss":2.301400912857056,"grad_norm_max":0.06909416615962982,"train_accuracy":0.1124,"test_loss":2.3011877964019773}