{"val_accuracy":0.112,"train_loss":2.301378590115634,"test_acc":0.1135,"train_accuracy":0.1124,"grad_norm_mean":0.0038920816249373258,"grad_norm_max":0.06283401697874069,"grad_norm_min":4.316565949125106e-08,"_runtime":50,"val_loss":2.3018952430725097,"test_loss":2.3012531036376953,"_wandb":{"runtime":50},"grad_first_layer":1.2735081327264197e-06,"classification_report":"              precision    recall  f1-score   support\n\n           0      0.000     0.000     0.000       980\n           1      0.114     1.000     0.204      1135\n           2      0.000     0.000     0.000      1032\n           3      0.000     0.000     0.000      1010\n           4      0.000     0.000     0.000       982\n           5      0.000     0.000     0.000       892\n           6      0.000     0.000     0.000       958\n           7      0.000     0.000     0.000      1028\n           8      0.000     0.000     0.000       974\n           9      0.000     0.000     0.000      1009\n\n    accuracy                          0.114     10000\n   macro avg      0.011     0.100     0.020     10000\nweighted avg      0.013     0.114     0.023     10000\n","_timestamp":1.763384481494719e+09,"_step":10}