{"classification_report":"              precision    recall  f1-score   support\n\n           0      0.979     0.991     0.985       980\n           1      0.991     0.997     0.994      1135\n           2      0.982     0.976     0.979      1032\n           3      0.966     0.980     0.973      1010\n           4      0.969     0.979     0.974       982\n           5      0.986     0.966     0.976       892\n           6      0.987     0.980     0.984       958\n           7      0.969     0.986     0.978      1028\n           8      0.982     0.966     0.974       974\n           9      0.977     0.963     0.970      1009\n\n    accuracy                          0.979     10000\n   macro avg      0.979     0.979     0.979     10000\nweighted avg      0.979     0.979     0.979     10000\n","_step":10,"train_loss":0.012954744464294477,"grad_first_layer":0.11215925216674805,"test_acc":0.9789,"grad_norm_max":0.11215925216674805,"_runtime":63,"_timestamp":1.7633855960345829e+09,"grad_norm_min":0.000982455094344914,"grad_norm_mean":0.01854879886700979,"val_accuracy":0.9826,"test_loss":0.08417625242907088,"val_loss":0.0719804876357317,"train_accuracy":0.9960181818181818,"_wandb":{"runtime":63}}