{"accuracies":{"train":0.9970727272727272,"val":0.9774},"_timestamp":1.762947509154304e+09,"losses":{"val":0.13813653048480046,"train":0.008549437880786983},"test_acc":0.9788,"classification_report":"              precision    recall  f1-score   support\n\n           0      0.985     0.989     0.987       980\n           1      0.990     0.991     0.991      1135\n           2      0.983     0.976     0.980      1032\n           3      0.975     0.971     0.973      1010\n           4      0.985     0.975     0.980       982\n           5      0.973     0.981     0.977       892\n           6      0.975     0.991     0.983       958\n           7      0.962     0.981     0.971      1028\n           8      0.970     0.977     0.974       974\n           9      0.988     0.956     0.972      1009\n\n    accuracy                          0.979     10000\n   macro avg      0.979     0.979     0.979     10000\nweighted avg      0.979     0.979     0.979     10000\n","_wandb":{"runtime":80},"test_loss":0.11098513815050337,"_step":21,"_runtime":80}