{"_step":20,"_runtime":83,"val_accuracy":0.9804,"train_accuracy":1,"_timestamp":1.7633828576423817e+09,"test_loss":0.08139012860357402,"_wandb":{"runtime":83},"test_acc":0.9825,"classification_report":"              precision    recall  f1-score   support\n\n           0      0.985     0.989     0.987       980\n           1      0.990     0.994     0.992      1135\n           2      0.984     0.979     0.982      1032\n           3      0.980     0.986     0.983      1010\n           4      0.983     0.975     0.979       982\n           5      0.986     0.979     0.983       892\n           6      0.980     0.984     0.982       958\n           7      0.981     0.983     0.982      1028\n           8      0.985     0.980     0.983       974\n           9      0.970     0.974     0.972      1009\n\n    accuracy                          0.983     10000\n   macro avg      0.982     0.982     0.982     10000\nweighted avg      0.983     0.983     0.982     10000\n","train_loss":0.0004924620739179029,"val_loss":0.0880095227688551}